Feature,Q1,Q3,IQR,Lower,Upper,Outlier_Count
age,18.75,23.0,4.25,12.375,29.375,0
study_hours_per_day,2.6,4.5,1.9,-0.24999999999999956,7.35,7
social_media_hours,1.7,3.3,1.5999999999999999,-0.7,5.699999999999999,5
netflix_hours,1.0,2.525,1.525,-1.2874999999999996,4.8125,4
attendance_percentage,78.0,91.025,13.025000000000006,58.46249999999999,110.56250000000001,3
sleep_hours,5.6,7.3,1.7000000000000002,3.0499999999999994,9.85,2
exercise_frequency,1.0,5.0,4.0,-5.0,11.0,0
mental_health_rating,3.0,8.0,5.0,-4.5,15.5,0
exam_score,58.475,81.325,22.85,24.199999999999996,115.60000000000001,2
